model,fold,accuracy,f1,auc,recall,precision
LogisticRegression,1,0.8849516797054763,0.8807631160572337,0.9526062327814263,0.9002274943126422,0.8621226268285092
LogisticRegression,2,0.8858720662678324,0.8818297331639136,0.951916876104826,0.9021774455638609,0.8623796210003106
LogisticRegression,3,0.8809633379352662,0.8769035532994924,0.9480227331911124,0.8982775430614235,0.8565230864580106
LogisticRegression,4,0.8844737649585762,0.8806466951973372,0.9510619470781757,0.9028274293142672,0.8595297029702971
LogisticRegression,5,0.8794108622276772,0.87602523659306,0.9468648200970216,0.902502437439064,0.85105730922464
RandomForest,1,0.9110292989722351,0.9098819142324425,0.9690591116976869,0.9515762105947352,0.8716880023816612
RandomForest,2,0.9055069795980979,0.9040498442367602,0.968071436651039,0.943126421839454,0.8680825605743344
RandomForest,3,0.9084215370455592,0.9072261072261072,0.9671688335624264,0.9486512837179071,0.8692674210839786
RandomForest,4,0.9133169683952133,0.9121716151095912,0.9711461805143334,0.9535261618459538,0.8742550655542313
RandomForest,5,0.9019637925744093,0.9007609877310141,0.9684961886414915,0.9424764380890478,0.8625817965496728
XGBoost,1,0.9150176407424452,0.913084405396925,0.9722062076280749,0.945726356841079,0.8826205641492265
XGBoost,2,0.9121030832949839,0.9096357041476107,0.9720804408710235,0.9372765680857978,0.883578431372549
XGBoost,3,0.9177788004295138,0.9156702328508496,0.9717504447629949,0.945726356841079,0.8874656907593779
XGBoost,4,0.9176127646517337,0.9150450878025629,0.9735055591933363,0.9398765030874228,0.8914919852034525
XGBoost,5,0.9082540656643142,0.9060044011317195,0.9716122760982124,0.9366265843353916,0.8773211567732115
LightGBM,1,0.9150176407424452,0.9133833646028768,0.9724070378775103,0.9493012674683133,0.8800843627598675
LightGBM,2,0.9116428900138058,0.909433962264151,0.9706875645947318,0.9398765030874228,0.8809016143770941
LightGBM,3,0.9165516183463721,0.9149202377228652,0.9717732942789156,0.9506012349691257,0.8818209225203497
LightGBM,4,0.9169990794722307,0.9147091281727889,0.9730465471289693,0.9428014299642509,0.8882424984690753
LightGBM,5,0.9076403804848113,0.9057902973395932,0.9714965786128523,0.940526486837829,0.8735285239963779
CatBoost,1,0.9167050161067648,0.9154337330633857,0.972974593415525,0.9551511212219694,0.8788875598086124
CatBoost,2,0.9150176407424452,0.9131116687578419,0.9725768041156322,0.946051348716282,0.8823886026068506
CatBoost,3,0.9157846295444086,0.9142589411213494,0.972602769474633,0.951251218719532,0.8800360793746241
CatBoost,4,0.918533292420988,0.9166012250667505,0.974370598596122,0.9483262918427039,0.8869300911854103
CatBoost,5,0.9114759128567045,0.9099703541894211,0.9722717989882279,0.9476763080922977,0.8751500600240096
